segment_id,osm_id,osm_name,osm_type,start_lat,start_long,end_lat,end_long,mid_lat,mid_long,frame_segments_within_radius
7,27553031,Gariahat Road,primary,22.5433189,88.3661202,22.5429392,88.3661252,22.543129049999997,88.3661227,69
12,27553096,Beckbagan Row,residential,22.5363621,88.3731193,22.5374075,88.3691604,22.536884800000003,88.37113984999999,75
63,35873223,Gobindapur Road,residential,22.5042179,88.3587387,22.5059977,88.359945,22.5051078,88.35934184999999,74
109,35875305,Kavi Barathi Road,residential,22.5159,88.3502624,22.5166592,88.3493277,22.516279599999997,88.34979505000001,65
147,51765559,,secondary,22.5307884,88.3725377,22.5354735,88.3730613,22.53313095,88.3727995,38
169,52088340,,secondary,22.587581,88.3502708,22.5872175,88.3517296,22.58739925,88.3510002,8
198,52097991,Diamond Harbour Road,trunk,22.5219608,88.3245221,22.5220796,88.324556,22.5220202,88.32453905,26
227,52152346,,secondary,22.5743213,88.3486312,22.572395,88.34795,22.57335815,88.3482906,29
276,52155752,Weston Street,residential,22.5701252,88.353143,22.5692463,88.3557716,22.569685749999998,88.3544573,40
281,52246256,,tertiary,22.572022,88.3907969,22.5711568,88.3958594,22.5715894,88.39332815,25
286,61009787,Raja Bajendra Narayan Street,tertiary,22.5855532,88.3581556,22.5861423,88.3556478,22.58584775,88.35690170000001,12
292,92642039,Vidyasagar Flyover,trunk,22.5523353,88.3325863,22.5487981,88.3310016,22.550566699999997,88.33179394999999,12
313,101741150,Nasiruddin Road,secondary,22.5407609,88.3682119,22.5411561,88.3655882,22.5409585,88.36690005,81
343,101741301,,residential,22.4998849,88.3555,22.4997654,88.3532472,22.49982515,88.3543736,85
361,101741381,Dr. Girinda Sekhar Bose Road,residential,22.5242832,88.375588,22.5267264,88.3759605,22.5255048,88.37577425,70
364,101741404,,residential,22.5395637,88.3652432,22.5405628,88.3644811,22.54006325,88.36486215,75
383,101741542,,residential,22.5037159,88.3551352,22.5036717,88.3558397,22.5036938,88.35548745,68
389,101741569,,residential,22.5038046,88.3608271,22.5037357,88.3585167,22.50377015,88.3596719,61
405,101741686,Ahiripukur Road,residential,22.5370096,88.359172,22.5372535,88.3631016,22.537131549999998,88.3611368,40
411,101741741,,residential,22.5003161,88.3587187,22.5014718,88.3583388,22.50089395,88.35852875,64
417,101741777,Dakuria Kali Bari Lane,residential,22.5088331,88.3675477,22.5095132,88.370716,22.509173150000002,88.36913185,59
418,101741791,,residential,22.5039603,88.3533545,22.5038844,88.3540292,22.50392235,88.35369184999999,64
428,101741833,,residential,22.5239713,88.3783172,22.5245293,88.3774189,22.5242503,88.37786804999999,64
469,101757291,Purshottam St,tertiary,22.5803246,88.3512851,22.5796366,88.3510851,22.5799806,88.35118510000001,26
477,101765709,,tertiary,22.5934727,88.3520604,22.5933213,88.3530306,22.593397,88.35254549999999,17
509,101943171,,residential,22.5772413,88.3574739,22.5782729,88.3577303,22.5777571,88.35760210000001,35
526,101966481,,residential,22.5744741,88.3584441,22.5744726,88.3577283,22.574473349999998,88.3580862,33
557,101994065,,residential,22.5935221,88.3638125,22.5934586,88.3643719,22.593490350000003,88.36409219999999,51
575,101999555,,tertiary,22.5890257,88.3688311,22.587123,88.3734148,22.58807435,88.37112295,33
585,102015126,Ramesh Dutta Street,tertiary,22.5893599,88.3635563,22.589403,88.3634243,22.58938145,88.3634903,47
640,102690986,Indra Kumar Kamani Street,tertiary,22.577992,88.3523594,22.5782629,88.3500782,22.578127449999997,88.3512188,28
658,102945911,Bhuban Sarkar Ln,residential,22.5828707,88.3654025,22.5835634,88.365611,22.583217050000002,88.36550675000001,49
661,102945914,Sita Nath Ln,residential,22.5852947,88.3639038,22.5860089,88.3640367,22.5856518,88.36397025,67
666,102953465,Jag Mohan Mullick Lane,tertiary,22.5806814,88.3544822,22.5793142,88.3541809,22.5799978,88.35433155000001,15
682,103010028,,residential,22.5935551,88.3571391,22.5933433,88.3579057,22.593449200000002,88.3575224,20
709,103082296,,residential,22.5633834,88.3631072,22.5624833,88.3642014,22.56293335,88.36365430000001,20
735,103212698,Bankar Raj Street,residential,22.5658973,88.3609955,22.5649754,88.3607267,22.56543635,88.3608611,34
748,103230523,Sri Gopal Mullick Ln,residential,22.5720777,88.3638457,22.5711054,88.3634253,22.57159155,88.3636355,30
758,103230595,,residential,22.5733453,88.3640332,22.5729812,88.3637465,22.57316325,88.36388984999999,28
802,103585518,,residential,22.5820999,88.3696219,22.5827533,88.3702533,22.582426599999998,88.3699376,40
809,103593773,,residential,22.5847546,88.3693985,22.5853776,88.3695513,22.5850661,88.3694749,32
835,103625253,,residential,22.5710116,88.3688678,22.5714964,88.3689808,22.571254,88.3689243,68
847,104043495,,residential,22.565351,88.3649701,22.5651121,88.3659086,22.56523155,88.36543935,28
855,104045611,,residential,22.5733889,88.368734,22.5740784,88.3688843,22.57373365,88.36880915,46
877,104203901,Kallu Ghosh Ln,residential,22.5833441,88.3730897,22.5826927,88.3727328,22.5830184,88.37291124999999,41
896,104227921,,residential,22.5909739,88.373358,22.592213,88.3735881,22.59159345,88.37347305,28
907,104311963,Goa Bagan Street,residential,22.5886487,88.3724509,22.5892381,88.3702515,22.588943399999998,88.37135119999999,29
999,105019300,Ramdhan Mitra Lane,residential,22.5995031,88.3710568,22.6010074,88.3713318,22.60025525,88.3711943,34
1021,105258511,D Sen Ln,residential,22.6004694,88.369043,22.6012517,88.3691858,22.60086055,88.3691144,41
1027,105258720,Bidhan Sarani,secondary,22.5933766,88.3704493,22.5946072,88.3708896,22.5939919,88.37066945000001,29
1038,105297397,,residential,22.6059098,88.3702819,22.6060947,88.3691094,22.60600225,88.36969565,39
1058,105305047,Mohan Bagan Ln,residential,22.5982874,88.3733624,22.5972277,88.3731582,22.59775755,88.3732603,36
1062,105305057,Kirti Mitra Ln,residential,22.597309,88.372795,22.5987015,88.373095,22.59800525,88.372945,34
1179,105878012,Ananda Palit Road,tertiary,22.5569775,88.3705515,22.556375,88.3717562,22.55667625,88.37115385,39
1216,106086748,Alimuddin Street,residential,22.5544117,88.3643195,22.5556807,88.3596322,22.5550462,88.36197585,48
1241,111390296,,residential,22.5535682,88.3614299,22.5544437,88.3619389,22.55400595,88.3616844,44
1243,111390299,,residential,22.5558771,88.3634064,22.5566856,88.3627394,22.55628135,88.36307289999999,44
1252,111507348,,residential,22.5548653,88.35938,22.5546754,88.3593223,22.55477035,88.35935115000001,46
1282,111524646,Collin Street,residential,22.5557239,88.3563261,22.5565313,88.3565995,22.5561276,88.3564628,20
1287,111547626,,residential,22.5508711,88.3605847,22.5523456,88.3604015,22.55160835,88.3604931,41
1295,111547638,,residential,22.5522707,88.359711,22.5536031,88.3599326,22.5529369,88.35982179999999,44
1333,112044510,Commissariat Basti Lane,residential,22.5470797,88.3261849,22.5478089,88.3257568,22.547444300000002,88.32597085,23
1345,112044536,Napier Road,residential,22.5530155,88.3294316,22.554157,88.3306858,22.553586250000002,88.3300587,8
1430,112696533,,residential,22.5410294,88.3692076,22.5418716,88.3692758,22.5414505,88.3692417,43
1447,112869519,,residential,22.5558451,88.3757214,22.5553818,88.3763783,22.55561345,88.37604985,26
1460,113114045,BK Bhattacharya Lane,residential,22.558045,88.3739045,22.5555799,88.3743183,22.556812450000002,88.3741114,37
1463,113114057,,residential,22.5578839,88.3726314,22.5577648,88.3735299,22.55782435,88.37308064999999,39
1481,113119629,Christopher Rd,tertiary,22.5513244,88.3748924,22.5517901,88.3724304,22.551557250000002,88.3736614,39
1495,113198896,,residential,22.5510026,88.3744954,22.5510427,88.3740607,22.55102265,88.37427805,35
1534,113281352,,residential,22.5371532,88.3709993,22.5370251,88.3714519,22.53708915,88.3712256,74
1570,113748571,,secondary,22.574196,88.3821807,22.5739462,88.3830746,22.5740711,88.38262765,11
1580,113752026,,residential,22.5863585,88.3821544,22.5865583,88.380583,22.586458399999998,88.3813687,15
1581,113752027,,residential,22.5862794,88.3873325,22.5844344,88.3864955,22.5853569,88.38691399999999,22
1613,115654046,Biplabi Barin Ghosh Sarani,residential,22.5892324,88.3840928,22.5867202,88.3807987,22.5879763,88.38244575,20
1618,115655778,,residential,22.5923615,88.3838001,22.5923516,88.3832771,22.592356549999998,88.38353860000001,42
1653,115879830,,residential,22.591401,88.3901844,22.5915179,88.389973,22.591459450000002,88.3900787,62
1666,115880823,Kirtidas Mukherjee Rd,residential,22.5969451,88.381185,22.5960883,88.3807075,22.596516700000002,88.38094625,40
1672,116038021,,residential,22.5972986,88.3824806,22.5964425,88.3821137,22.59687055,88.38229715,43
1714,116234196,,residential,22.6033573,88.3781812,22.6029095,88.3781736,22.603133399999997,88.3781774,36
1721,116237616,Raicharan Sadhukhan Rd,secondary,22.6031606,88.3773165,22.6018638,88.3783247,22.6025122,88.3778206,39
1727,116237632,Canal East Road,secondary,22.5818953,88.3792463,22.5774567,88.3783491,22.579676,88.3787977,8
1736,116481347,,residential,22.6069986,88.3771214,22.6066724,88.3770156,22.606835500000003,88.3770685,22
1738,116481985,Pran Krishna Mukhurjee Rd,secondary,22.6057963,88.3742194,22.6031606,88.3773165,22.604478450000002,88.37576795000001,43
1781,116970983,,residential,22.6286949,88.3672763,22.6274608,88.3685762,22.62807785,88.36792625000001,12
1798,117122244,,residential,22.5407965,88.3674954,22.5413699,88.3677473,22.5410832,88.36762135000001,72
1822,117170573,Ahiripukur Second Lane,residential,22.5389481,88.3617088,22.5374145,88.3607908,22.538181299999998,88.3612498,47
1836,117189080,,residential,22.5367811,88.3678587,22.5377064,88.3678181,22.537243750000002,88.3678384,69
1903,117390739,,residential,22.5257579,88.3678724,22.5254546,88.3686012,22.52560625,88.3682368,52
1914,117391758,,residential,22.5287759,88.370617,22.5280373,88.3707238,22.5284066,88.3706704,68
1944,117566161,,residential,22.5246949,88.3756882,22.5249847,88.373674,22.524839800000002,88.3746811,69
1990,117725658,Gobra Road,tertiary,22.5477573,88.3769308,22.5477744,88.376946,22.54776585,88.3769384,38
1995,117725690,Asgar Mistry Lane,residential,22.5456411,88.3759571,22.5461112,88.3755864,22.545876149999998,88.37577175,32
2005,117853474,,residential,22.5234588,88.3755389,22.5232515,88.3758725,22.52335515,88.3757057,68
2023,118137602,Gariahat Road,residential,22.5209708,88.3649482,22.5229172,88.3652882,22.521943999999998,88.3651182,52
2104,118336981,,residential,22.5166801,88.3672079,22.5166199,88.3673829,22.51665,88.36729539999999,110
2110,118336990,,residential,22.5170124,88.3675771,22.5163137,88.3672523,22.51666305,88.36741470000001,111
2122,118340238,,residential,22.5161908,88.3692734,22.5165031,88.3692952,22.51634695,88.3692843,82
2178,118357890,Lake Terrace Road,residential,22.5146925,88.3654527,22.515527,88.363572,22.51510975,88.36451235000001,70
2179,118357891,Jadunath Sarkar Road,residential,22.5165499,88.3602845,22.5161625,88.3575365,22.5163562,88.35891050000001,51
2213,118395489,,residential,22.51723,88.3656226,22.5172541,88.365953,22.51724205,88.36578779999999,99
2216,118395493,,residential,22.5179064,88.3647161,22.5179479,88.3643384,22.51792715,88.36452725,95
2219,118395497,,residential,22.5167824,88.3622609,22.5177152,88.3623898,22.5172488,88.36232534999999,78
2263,118487413,,residential,22.5159098,88.3538019,22.5168065,88.3538767,22.516358150000002,88.3538393,43
2281,118511300,,residential,22.516941,88.347492,22.5161745,88.3472846,22.51655775,88.3473883,71
2328,118521424,,residential,22.5069888,88.3633583,22.5078447,88.3635388,22.507416749999997,88.36344855,70
2358,118549019,,residential,22.5083937,88.3626724,22.5085703,88.3620383,22.508482,88.36235535,77
2362,118549698,,residential,22.5087294,88.3617375,22.5084063,88.3618083,22.50856785,88.3617729,78
2373,118549713,,residential,22.5059977,88.359945,22.5070987,88.3580905,22.5065482,88.35901774999999,81
2375,118549922,,residential,22.5058872,88.3606934,22.5052028,88.364131,22.505544999999998,88.3624122,62
2393,118618393,,residential,22.5077577,88.3607889,22.508025,88.3603711,22.50789135,88.36058,79
2422,118619612,,residential,22.5077103,88.3589388,22.5080323,88.3601033,22.507871299999998,88.35952105000001,81
2429,118635606,,residential,22.5069818,88.3578443,22.5067851,88.3566866,22.506883449999997,88.35726545,60
2460,118642165,,residential,22.5075171,88.3538934,22.5075094,88.353645,22.507513250000002,88.3537692,56
2465,118643208,,residential,22.5064637,88.3555665,22.506736,88.3557582,22.50659985,88.35566234999999,58
2499,118647090,,residential,22.5001982,88.3553186,22.5002038,88.3545297,22.500201,88.35492415,83
2509,118666423,,residential,22.5002814,88.3540705,22.5002517,88.3545398,22.50026655,88.35430515,84
2537,118667241,,residential,22.5005857,88.3467196,22.5013221,88.34674,22.5009539,88.34672979999999,63
2553,118733227,,residential,22.5091826,88.3694882,22.5095275,88.369443,22.50935505,88.36946560000001,58
2602,120029278,,residential,22.495758,88.3622861,22.4967538,88.3632994,22.4962559,88.36279275000001,48
2632,120177447,,residential,22.4983698,88.3584405,22.4983821,88.3581448,22.49837595,88.35829265000001,74
2674,120184503,,residential,22.5013761,88.3639781,22.501394,88.365045,22.501385050000003,88.36451155,51
2722,121760885,,residential,22.5040173,88.349611,22.5024868,88.3519462,22.50325205,88.3507786,75
2729,121761902,,residential,22.5049214,88.3475599,22.5053694,88.3475885,22.5051454,88.3475742,67
2743,121761949,Chinmoy Chatterjee Sarani,residential,22.5056911,88.3452382,22.50562,88.3499764,22.50565555,88.34760729999999,64
2745,121762164,,residential,22.5076463,88.3470806,22.5072901,88.3476261,22.507468199999998,88.34735334999999,51
2756,121762606,,residential,22.5066794,88.3497038,22.5063457,88.3497341,22.50651255,88.34971895000001,63
2773,121763851,,residential,22.5039041,88.350098,22.5040173,88.349611,22.5039607,88.34985449999999,68
2795,121768047,Nandy Street,residential,22.5222806,88.3650846,22.5224339,88.3625502,22.52235725,88.3638174,55
2887,121906632,,residential,22.5266591,88.3552744,22.5265955,88.3558542,22.5266273,88.3555643,49
2920,122044865,,residential,22.5395973,88.3563961,22.5396418,88.3570331,22.539619549999998,88.3567146,58
2931,122046893,,residential,22.537515,88.3554048,22.5379442,88.3554705,22.5377296,88.35543765,58
2947,122149386,,residential,22.5306504,88.3544883,22.530639,88.354932,22.5306447,88.35471015,55
2991,122190153,,residential,22.522036,88.3527354,22.5227428,88.3526934,22.5223894,88.3527144,114
2994,122190159,,residential,22.5227516,88.3525343,22.5218605,88.3525493,22.522306049999997,88.35254180000001,116
3008,122190187,,residential,22.5225521,88.3533382,22.521636,88.3532778,22.52209405,88.353308,113
3018,122191988,Umananda Road,residential,22.5359162,88.3497225,22.5379087,88.3502436,22.53691245,88.34998304999999,32
3043,122419630,,residential,22.5358064,88.3483168,22.5356819,88.3487687,22.53574415,88.34854275000001,45
3059,122439418,,residential,22.5327044,88.3503144,22.5327972,88.3499437,22.532750800000002,88.35012904999999,53
3117,122757619,,residential,22.5369646,88.3417037,22.5369427,88.3425659,22.53695365,88.3421348,22
3147,123685095,Kabitirtha Sarani,residential,22.5459612,88.3215863,22.5428772,88.3251456,22.5444192,88.32336595000001,17
3149,123689382,Garden Reach Road,residential,22.545157,88.3167965,22.5449338,88.3177503,22.5450454,88.3172734,5
3175,123837969,,residential,22.5439945,88.3193627,22.5437541,88.318593,22.5438743,88.31897785000001,10
3205,135461199,,secondary,22.5644628,88.3473837,22.5644872,88.3478592,22.564475,88.34762144999999,37
3244,142659937,,residential,22.538911,88.3236595,22.5388581,88.3238568,22.53888455,88.32375815,34
3274,142684579,,residential,22.5302181,88.3247378,22.5305019,88.3247353,22.53036,88.32473655,52
3331,142710777,Basanta Lal Saha Road,secondary,22.5035992,88.3406045,22.499055,88.3399789,22.501327099999997,88.3402917,42
3336,142718055,,residential,22.5374767,88.3195802,22.5378383,88.3183675,22.5376575,88.31897384999999,18
3338,142718068,,residential,22.5365426,88.3169942,22.5369984,88.3181503,22.536770500000003,88.31757225,17
3398,142941281,,residential,22.5306414,88.3202048,22.5308481,88.3202692,22.53074475,88.32023699999999,53
3418,143862955,Kansaripara Road,residential,22.5339252,88.3427868,22.5351302,88.3429906,22.534527699999998,88.3428887,29
3421,143863338,Madan Pal Lane,tertiary,22.5324531,88.3408249,22.5319545,88.3409571,22.5322038,88.340891,17
3452,143896400,,residential,22.5266475,88.3502703,22.5271064,88.3502975,22.526876950000002,88.3502839,84
3473,144013356,Rani Sankari Lane,residential,22.5259171,88.3453483,22.5261829,88.3462636,22.526049999999998,88.34580595,56
3513,144128792,,residential,22.5221632,88.3510288,22.5228433,88.3510481,22.52250325,88.35103845,104
3570,145587521,,residential,22.5188183,88.3481937,22.5192247,88.3480917,22.5190215,88.3481427,66
3584,145813467,Hazra Road,secondary,22.5235675,88.3456859,22.5234231,88.3438027,22.5234953,88.3447443,53
3586,145813783,Nibaran Banerjee Road,residential,22.5220864,88.34593,22.523013,88.3456884,22.5225497,88.34580919999999,52
3592,145814227,Kalidas Patitundi Lane,residential,22.5231474,88.3456959,22.5230758,88.3438766,22.5231116,88.34478625,52
3604,146037450,,residential,22.520009,88.3463514,22.5201415,88.3453919,22.52007525,88.34587164999999,60
3617,146079856,,residential,22.5187728,88.3437251,22.5187727,88.3429952,22.51877275,88.34336015,60
3622,146079862,,residential,22.5180029,88.3423518,22.5189085,88.3422985,22.518455699999997,88.34232515,58
3634,146086045,Rash Behari Avenue,secondary,22.5168756,88.3412445,22.5170587,88.3457099,22.51696715,88.3434772,71
3672,189903983,,residential,22.5253643,88.3423975,22.5254512,88.341497,22.52540775,88.34194725,45
3687,189904026,,residential,22.524554,88.3400694,22.5238839,88.3395641,22.524218949999998,88.33981675000001,28
3699,189909608,,residential,22.5216874,88.3381838,22.520731,88.3379315,22.5212092,88.33805765,63
3710,189909629,,residential,22.520879,88.3389885,22.5215115,88.34008,22.521195249999998,88.33953425,48
3749,190940095,,residential,22.5211376,88.3361393,22.5199214,88.3350728,22.520529500000002,88.33560605,56
3790,190971233,,residential,22.5155576,88.3304186,22.5146034,88.3312502,22.5150805,88.3308344,40
3794,190971244,,residential,22.5151975,88.3316409,22.5160151,88.3314122,22.5156063,88.33152655,39
3835,190981113,,residential,22.5168247,88.3371278,22.5169745,88.3374859,22.516899600000002,88.33730685,80
3860,191004911,Sabji Bagan Lane,residential,22.5149468,88.3387644,22.5165239,88.3383311,22.51573535,88.33854775,70
3905,191009027,,residential,22.581355,88.3881874,22.5810417,88.3895561,22.58119835,88.38887174999999,38
3932,191079443,,residential,22.58175,88.3923804,22.5820639,88.392448,22.58190695,88.39241419999999,57
3942,191093882,,residential,22.5770146,88.3886121,22.580158,88.3890292,22.578586299999998,88.38882065,33
3983,191123098,,residential,22.5753444,88.3919229,22.5755896,88.3899836,22.575467,88.39095325,26
4044,204165727,,tertiary,22.5889223,88.389941,22.5887929,88.3903403,22.5888576,88.39014065,36
4069,206653759,,residential,22.5127485,88.3261339,22.5149793,88.3278093,22.5138639,88.32697160000001,31
4072,206654085,Joykrishna Paul Road,tertiary,22.5083117,88.3250068,22.506745,88.3247754,22.50752835,88.3248911,63
4076,206654713,,tertiary,22.5132789,88.3221696,22.5132384,88.3222595,22.513258649999997,88.32221455,43
4148,217919601,Deshapran Sashmal Road,primary,22.4960776,88.34555,22.4947792,88.3456348,22.4954284,88.3455924,17
4157,219177859,Park Street Flyover,primary,22.559217,88.3504884,22.5596017,88.3505227,22.559409350000003,88.35050555000001,34
4160,219177863,Chowringhee Road,secondary,22.5517278,88.3491871,22.5536758,88.3495833,22.5527018,88.3493852,23
4166,219243643,Barrackpore Trunk Road,primary,22.6187119,88.3791404,22.6234194,88.3788725,22.62106565,88.37900644999999,28
4202,221378378,,residential,22.6145333,88.3905042,22.6104422,88.3889505,22.61248775,88.38972735,50
4207,221378383,,residential,22.6140079,88.382669,22.613563,88.384292,22.61378545,88.3834805,42
4283,255225679,Atal Sur Road,tertiary,22.5549904,88.3843231,22.5509493,88.3820603,22.55296985,88.3831917,38
4289,255226867,Raicharan Pal Lane,residential,22.5431434,88.3758623,22.5402524,88.3783056,22.541697900000003,88.37708395,35
4298,260231232,Acharya Jagadish Chandra Bose Road,primary,22.5414115,88.3497255,22.5415533,88.3473223,22.5414824,88.3485239,25
4316,301557777,Srinath Mukherjee Lane,residential,22.6169026,88.3881044,22.6165931,88.3879893,22.61674785,88.38804685,58
4324,301559992,,residential,22.6106173,88.3927239,22.6099831,88.3915253,22.6103002,88.39212459999999,27
4338,325374680,,tertiary,22.5694869,88.3946365,22.5711949,88.3952673,22.570340899999998,88.3949519,30
4414,331478217,,residential,22.5448025,88.3863778,22.5447225,88.3876103,22.544762499999997,88.38699405,35
4416,331478220,,residential,22.5333587,88.3781999,22.5345295,88.3785481,22.5339441,88.37837400000001,35
4445,392907121,,residential,22.5101564,88.306857,22.5096343,88.3079034,22.50989535,88.3073802,58
4456,396486597,,residential,22.5078535,88.3079462,22.5087046,88.3088488,22.50827905,88.30839750000001,55
4464,404706197,,residential,22.5081532,88.3330886,22.506748,88.3335223,22.5074506,88.33330545,57
4492,404717315,,residential,22.5108735,88.350729,22.5116498,88.3498064,22.51126165,88.3502677,11
4513,404724310,,residential,22.5056869,88.3421046,22.5064101,88.3419534,22.5060485,88.342029,65
4528,404864977,,residential,22.5079075,88.3453973,22.5081322,88.3434087,22.50801985,88.344403,62
4541,404866119,,residential,22.5141132,88.3428625,22.5150797,88.3434893,22.51459645,88.3431759,53
4590,429801162,Fathepur 2nd Lane,residential,22.5389403,88.2853985,22.5429706,88.2841021,22.54095545,88.2847503,68
4661,440186517,Paymental Garden Lane,residential,22.5503737,88.3912647,22.5518822,88.3873097,22.55112795,88.3892872,28
4663,441804963,,residential,22.5374143,88.3510694,22.5378508,88.3511346,22.537632549999998,88.351102,27
4688,500040421,Taratala Road,secondary,22.5145702,88.3121784,22.5157772,88.3065547,22.5151737,88.30936655,8
4752,562638719,Maharishi Devendra Road,tertiary,22.5916107,88.3532771,22.5930961,88.3533554,22.5923534,88.35331625,22
4762,562677712,Shakespeare Sarani,secondary,22.5450899,88.3535884,22.5452408,88.3526271,22.545165349999998,88.35310775,18
4791,563022376,Brabourne Road,secondary,22.5760364,88.3518346,22.5746406,88.3514135,22.5753385,88.35162405,25
4819,563518385,Strand Road,secondary,22.5719156,88.3443951,22.5679462,88.341433,22.569930900000003,88.34291404999999,7
4849,647951898,Jawaharlal Nehru Road,primary,22.547994,88.3482998,22.5476594,88.3482318,22.5478267,88.34826580000001,20
4875,652353963,,residential,22.5434502,88.3855889,22.5438494,88.3856256,22.543649799999997,88.38560724999999,41
4882,656173043,Park Street,secondary,22.5551523,88.3501964,22.5552667,88.3499794,22.5552095,88.3500879,28
4887,656882674,,residential,22.5144599,88.3260876,22.51558,88.3269516,22.51501995,88.3265196,32
4936,657458271,,residential,22.5531881,88.3716693,22.553259,88.3713493,22.55322355,88.3715093,39
4944,657468651,,residential,22.5309586,88.3819253,22.5314672,88.3805135,22.5312129,88.3812194,58
4953,657492311,,residential,22.5565686,88.3605482,22.5571162,88.3608285,22.5568424,88.36068835,53
4959,657497887,,residential,22.6204957,88.3882161,22.6203607,88.3894973,22.6204282,88.38885669999999,39
4960,657498010,,residential,22.5944356,88.3561409,22.5950255,88.3563569,22.59473055,88.3562489,21
4981,660738568,Garden Reach Flyover,secondary,22.5281074,88.2986932,22.5320951,88.2955436,22.53010125,88.2971184,3
4992,688282672,,residential,22.5153066,88.2983158,22.5171802,88.2982338,22.5162434,88.2982748,31
4994,688589419,,residential,22.5083796,88.33738,22.5082908,88.3403699,22.5083352,88.33887494999999,32
5014,689135582,,residential,22.5683689,88.3979836,22.5686779,88.3975089,22.5685234,88.39774625000001,28
5040,689579885,Canal South Road,tertiary,22.562434,88.3823049,22.562971,88.382528,22.5627025,88.38241645,18
5049,689630253,,residential,22.56031,88.3915071,22.5570492,88.3920094,22.5586796,88.39175825000001,30
5090,693303358,,residential,22.5638852,88.3963747,22.5657426,88.3978889,22.5648139,88.3971318,30
5094,693309120,,residential,22.5509161,88.3603085,22.5511262,88.3603804,22.551021149999997,88.36034445,39
5134,697065657,,residential,22.5837579,88.3630971,22.5836747,88.3633651,22.5837163,88.36323110000001,54
5151,718288898,,residential,22.5103602,88.3255965,22.5111991,88.3294022,22.51077965,88.32749935000001,33
5160,718766988,,residential,22.5171171,88.3232017,22.5169499,88.3227796,22.5170335,88.32299065000001,32
5178,718805191,,residential,22.6030961,88.3833736,22.6033389,88.3858466,22.6032175,88.3846101,41
5191,719096650,,residential,22.6147906,88.3809719,22.6169333,88.3815569,22.61586195,88.3812644,42
5195,719270544,,residential,22.6059078,88.3919449,22.6052775,88.3931468,22.60559265,88.39254585,40
5259,728262160,,residential,22.5076127,88.3353178,22.5074943,88.3373608,22.5075535,88.33633929999999,39
5274,745588824,,residential,22.5382818,88.3639259,22.5384049,88.3642613,22.538343349999998,88.36409359999999,57
5331,769266264,Rash Behari Avenue,residential,22.5219738,88.3707943,22.5221557,88.3711106,22.52206475,88.37095245,56
5350,772186682,,residential,22.5068004,88.3158741,22.5057964,88.3180952,22.5062984,88.31698465,52
5351,772384527,Darga Road,secondary,22.5445768,88.3706311,22.5401573,88.3702879,22.542367050000003,88.3704595,37
5360,772464831,,residential,22.5115807,88.3042645,22.5128421,88.3055988,22.512211399999998,88.30493165,34
5430,777979186,,residential,22.5094603,88.3195304,22.5092856,88.3202166,22.50937295,88.3198735,43
5468,803595953,,residential,22.6006693,88.3884591,22.6009593,88.392292,22.6008143,88.39037555,5
5471,803620683,,residential,22.611403,88.3866608,22.6129021,88.3879645,22.612152549999998,88.38731265,41
5472,803625468,,residential,22.6141703,88.3868684,22.6138701,88.3867556,22.6140202,88.38681199999999,57
5495,804207606,,residential,22.5069139,88.3304435,22.5075234,88.3305269,22.50721865,88.3304852,52
5520,826837171,Raja Santosh Road,secondary,22.5218317,88.3245467,22.5195737,88.324159,22.5207027,88.32435285,28
5525,842816591,,tertiary,22.5390607,88.378657,22.5392677,88.3787495,22.539164200000002,88.37870325,36
5526,842816592,J.B.S. Haldane Avenue,primary,22.5415067,88.3869649,22.5396903,88.3804227,22.5405985,88.3836938,33
5533,859145132,Pratapaditya Place,residential,22.5126264,88.3413975,22.5125916,88.3420837,22.512608999999998,88.34174060000001,37
5541,875641794,,primary,22.5841671,88.3495563,22.5844844,88.349294,22.584325749999998,88.34942515,20
5555,994906704,,residential,22.4967291,88.3414759,22.4993149,88.3422037,22.498022,88.3418398,21
5597,995139901,,residential,22.5682754,88.3691526,22.568847,88.3692545,22.5685612,88.36920355000001,47
5653,995152857,,residential,22.6133385,88.3918266,22.6144145,88.39241,22.6138765,88.39211829999999,30
5672,995154163,,residential,22.6112842,88.3790446,22.611,88.3789853,22.611142100000002,88.37901495,29
5683,995154174,,residential,22.6139637,88.384444,22.6138445,88.3848484,22.6139041,88.38464619999999,50
5687,995154178,,residential,22.615057,88.383741,22.6146541,88.3836229,22.61485555,88.38368195000001,44
5778,995457878,,residential,22.5135738,88.3337355,22.5136702,88.3331436,22.513621999999998,88.33343955000001,50
5785,995457899,,residential,22.5377247,88.3472747,22.5375303,88.3466147,22.5376275,88.3469447,41
5807,995459928,,residential,22.5233053,88.3397366,22.5235184,88.33845,22.523411850000002,88.3390933,35
5839,1018866545,Khagendra Chatterjee Road,residential,22.6188718,88.3732304,22.6184069,88.3751392,22.618639350000002,88.3741848,8
5847,1029381530,Acharya Prafulla Chandra Road,primary,22.5766342,88.3735301,22.5730978,88.3723323,22.574866,88.3729312,24
5874,1032031702,Gauri Bari Lane,residential,22.5902329,88.3768146,22.5941779,88.3780294,22.592205399999997,88.377422,37
5875,1032031703,Bidhan Nagar Road,primary,22.5943214,88.3782776,22.5944131,88.3820956,22.594367249999998,88.3801866,42
5924,1034805373,,residential,22.5485148,88.3962145,22.5486703,88.3956894,22.548592550000002,88.39595195,34
5976,1034982149,,residential,22.5090254,88.3134366,22.5095491,88.3134918,22.50928725,88.3134642,73
5998,1034984757,,residential,22.5097071,88.3112887,22.5093562,88.3111425,22.50953165,88.3112156,59
6013,1034988663,,residential,22.5092155,88.3095112,22.5085441,88.3093028,22.508879800000003,88.309407,67
6019,1034991083,,residential,22.5108562,88.307935,22.510894,88.3088503,22.5108751,88.30839265,50
6031,1034995034,,residential,22.5079669,88.3059773,22.5085153,88.306105,22.5082411,88.30604115,32
6080,1035044857,,residential,22.5071266,88.3171784,22.5069705,88.3176731,22.50704855,88.31742575,57
6090,1035052969,,residential,22.5072357,88.3248303,22.5076401,88.3241989,22.5074379,88.3245146,60
6113,1035944253,Garden Reach Road,residential,22.5427594,88.3073478,22.5439599,88.3123492,22.54335965,88.3098485,3
6120,1035948974,Karl Marx Sarani,secondary,22.5379522,88.295458,22.5352082,88.2998312,22.5365802,88.2976446,7
6281,1036705373,,residential,22.5114789,88.3002659,22.5112203,88.3002563,22.511349600000003,88.3002611,66
6384,1037269347,,residential,22.5048851,88.3274293,22.5053089,88.3266229,22.505097,88.32702610000001,47
6403,1037278967,,residential,22.5075636,88.3310388,22.5084396,88.3310431,22.5080016,88.33104095,57
6445,1037293329,,residential,22.5026123,88.3384875,22.50259,88.3377021,22.50260115,88.3380948,37
6446,1037293330,,residential,22.5018485,88.3379013,22.5012917,88.3378172,22.501570100000002,88.33785925000001,40
6471,1037300660,,residential,22.5326332,88.2909485,22.5327323,88.2904243,22.53268275,88.2906864,14
6489,1037304631,,residential,22.5365668,88.2881289,22.5363613,88.2892137,22.53646405,88.2886713,27
6491,1037304633,,residential,22.537741,88.2894928,22.5381479,88.2890537,22.537944449999998,88.28927325000001,40
6493,1037304635,,residential,22.5375944,88.291027,22.5376029,88.2904378,22.53759865,88.2907324,28
6540,1037874887,,residential,22.5049528,88.3441796,22.5049481,88.3433751,22.504950450000003,88.34377735000001,71
6542,1037874891,,residential,22.5025953,88.3471431,22.50224,88.3471942,22.502417649999998,88.34716865,58
6588,1037905167,Janak Road,residential,22.5139666,88.3473568,22.5146315,88.3477562,22.514299049999998,88.3475565,43
6642,1038212523,,residential,22.5549241,88.3776634,22.5543457,88.3775108,22.5546349,88.3775871,24
6665,1038703165,,residential,22.5196914,88.3693174,22.5195005,88.3700099,22.51959595,88.36966365,84
6696,1038738514,,residential,22.53463,88.3788991,22.5356458,88.3789909,22.535137900000002,88.378945,37
6700,1038738523,,residential,22.5299116,88.3741152,22.5305371,88.3742226,22.530224349999997,88.3741689,37
6703,1038738527,,residential,22.5348445,88.3742096,22.5355095,88.3755147,22.535176999999997,88.37486215,23
6707,1039232277,,residential,22.6258245,88.3719647,22.6259087,88.3706184,22.625866600000002,88.37129155,40
6741,1040453784,,residential,22.5167981,88.3231397,22.5176061,88.3195271,22.5172021,88.3213334,22
6742,1040455040,,residential,22.5220285,88.3465805,22.5220303,88.3467194,22.5220294,88.34664995,59
6752,1042855976,,residential,22.517017,88.3234642,22.5171171,88.3232017,22.51706705,88.32333295000001,32
6793,1053839697,Ballygunge Circular Road (Pramatesh Barua Sarani),tertiary,22.5297719,88.3560562,22.5337101,88.3568778,22.531741,88.35646700000001,23
6884,1073814352,,residential,22.5464297,88.2784722,22.5465172,88.2781191,22.54647345,88.27829564999999,29
6922,1080074517,,residential,22.5665147,88.387014,22.566478,88.3872091,22.56649635,88.38711155,25
6946,1088732008,Priyanath Mallick Road,residential,22.5265242,88.3475588,22.5275813,88.3475072,22.527052750000003,88.347533,55
7000,1103197175,Kali Temple Road,residential,22.5203248,88.3464261,22.5204958,88.3454338,22.5204103,88.34592995,60
7006,1103528790,,secondary,22.5386554,88.3178498,22.539216,88.3228362,22.5389357,88.32034300000001,20
7052,1107025988,,residential,22.5003387,88.3467064,22.5003325,88.3468321,22.5003356,88.34676925,61
7091,1112017431,,residential,22.5072001,88.3411593,22.5069469,88.3411951,22.507073499999997,88.3411772,51
7094,1112189293,,residential,22.501045,88.3443563,22.5012666,88.3443617,22.5011558,88.344359,62
7103,1115938517,,residential,22.5043947,88.3502161,22.5044908,88.3496997,22.50444275,88.34995789999999,70
7139,1118052418,,residential,22.531563,88.3681414,22.5310892,88.3684674,22.5313261,88.3683044,44
7146,1118317509,,residential,22.6179622,88.3893376,22.6181803,88.3894631,22.61807125,88.38940035,54
7160,1120016795,,residential,22.5125907,88.3372441,22.5125426,88.3377986,22.51256665,88.33752135,49
7173,1121558009,,residential,22.5506156,88.3950455,22.5508558,88.3949252,22.5507357,88.39498535,27
7187,1122567399,,residential,22.5726812,88.3877143,22.571105,88.386939,22.5718931,88.38732665,49
7198,1123859803,,residential,22.5098253,88.3291827,22.5098598,88.3287947,22.509842550000002,88.3289887,49
7257,1124391496,Acharya Prafulla Chandra Bose Road,primary,22.5850985,88.3746599,22.585161,88.3746683,22.58512975,88.37466409999999,49
7281,1126458340,Karl Marx Sarani,secondary,22.5380347,88.311316,22.5380104,88.3095001,22.53802255,88.31040805,24
7291,1126458349,Alipore Road,trunk,22.5346917,88.3331684,22.5330038,88.3319955,22.53384775,88.33258195,17
7319,1126475663,Park Street Flyover,primary,22.5517278,88.3491871,22.5519311,88.3492371,22.55182945,88.34921209999999,12
7402,1126703033,Vidyapati Flyover,primary,22.5658216,88.3688522,22.5653598,88.3686779,22.5655907,88.36876505000001,43
7411,1126728233,Canal East Road,secondary,22.5754464,88.3778954,22.5722742,88.3772692,22.5738603,88.3775823,15
7425,1126813139,,residential,22.5389805,88.3836516,22.5392995,88.3826811,22.53914,88.38316635,27
7442,1126840652,,primary,22.6073657,88.3908492,22.6073807,88.3908327,22.607373199999998,88.39084095000001,41
7473,1126943592,Beleghata Main Road,secondary,22.5628358,88.3963394,22.5617937,88.4015241,22.56231475,88.39893175,31
7536,1127868737,Prince Anwar Shah Road,secondary,22.5019787,88.3578659,22.5019765,88.3577619,22.5019776,88.3578139,69
7542,1128043712,Prince Anwar Shah Road,secondary,22.5020556,88.3577773,22.5020652,88.3578767,22.502060399999998,88.357827,69
7567,1130605396,Gobinda Khatick Road,secondary,22.5601624,88.3823544,22.5612473,88.3816409,22.56070485,88.38199764999999,14
7587,1131122499,,residential,22.5403611,88.3582432,22.5403489,88.3586818,22.540354999999998,88.3584625,60
7591,1132135192,,residential,22.572114,88.3874964,22.5719961,88.3879292,22.57205505,88.3877128,51
7609,1133768502,,residential,22.5533109,88.3834608,22.5534014,88.3831,22.55335615,88.38328039999999,38
7638,1136996406,Lenin Sarani,secondary,22.5614243,88.3669856,22.5613718,88.3670804,22.56139805,88.367033,51
7647,1142108861,,residential,22.5715297,88.3750537,22.5711822,88.3760056,22.571355949999997,88.37552965,19
7678,1148124389,Uday Shankar Sarani Road,tertiary,22.4978095,88.3571764,22.4977273,88.3572273,22.497768399999998,88.35720185,73
7765,1173344745,Hari Ghose Street,residential,22.5933765,88.3693192,22.5947931,88.3696963,22.5940848,88.36950775,32
7773,1173569276,,residential,22.5369688,88.3274351,22.5370282,88.3269855,22.536998500000003,88.3272103,20
7793,1173623344,,residential,22.5746854,88.3668616,22.5746483,88.3669823,22.57466685,88.36692195,47
7835,1173862460,,residential,22.5717807,88.3637257,22.5719683,88.3633603,22.5718745,88.36354299999999,29
7845,1173921567,,residential,22.5255977,88.3622878,22.5264606,88.3622412,22.52602915,88.36226450000001,44
7850,1173960383,Lenin Sarani,secondary,22.562981,88.3587034,22.562749,88.3594534,22.562865000000002,88.3590784,28
7852,1173964607,,residential,22.5503953,88.3593082,22.5499134,88.3590212,22.55015435,88.35916470000001,29
7858,1174034511,,primary,22.5985435,88.365983,22.5989342,88.366087,22.59873885,88.366035,59
7902,1174219170,Chittaranjan Avenue,primary,22.5875053,88.3630817,22.5862116,88.3627787,22.58685845,88.3629302,46
7932,1174968469,,residential,22.5547436,88.3859139,22.5553375,88.385622,22.55504055,88.38576795,24
7940,1174996582,Rash Behari Avenue,primary,22.5181859,88.3567788,22.5182223,88.3569777,22.5182041,88.35687825,67
7969,1177834045,,residential,22.5479434,88.391469,22.5475684,88.3922909,22.5477559,88.39187995,24
8044,1178071763,,residential,22.544005,88.3614214,22.544664,88.3613838,22.544334499999998,88.36140259999999,32
8087,1178252135,,residential,22.5265983,88.3486101,22.5261141,88.3485391,22.526356200000002,88.3485746,64
8109,1178260769,,residential,22.5048063,88.3492478,22.5047246,88.3493415,22.50476545,88.34929464999999,66
8122,1178265886,,residential,22.5109652,88.3426152,22.5109706,88.342417,22.5109679,88.3425161,35
8161,1178290587,,residential,22.5306554,88.3692389,22.5303901,88.3692365,22.530522750000003,88.3692377,55
8162,1178290588,,residential,22.5306616,88.369454,22.5303832,88.3694388,22.5305224,88.3694464,55
8208,1178519959,,residential,22.5372219,88.3689463,22.536582,88.3694704,22.53690195,88.36920835000001,87
8249,1179649573,,residential,22.5531897,88.359842,22.5531807,88.3606273,22.5531852,88.36023465,44
8373,1179987126,,residential,22.522482,88.3609057,22.5226451,88.3609211,22.52256355,88.3609134,64
8374,1179988394,,residential,22.5430342,88.3853742,22.5430124,88.3856875,22.5430233,88.38553085000001,53
8413,1180146312,,residential,22.6180834,88.3825013,22.618179,88.3824816,22.6181312,88.38249145,30
8417,1180146640,,residential,22.5437235,88.278818,22.5435128,88.2787769,22.54361815,88.27879745,25
8455,1180590647,,residential,22.5709478,88.3463499,22.5709656,88.345996,22.5709567,88.34617295000001,17
8487,1192068697,,residential,22.5742417,88.3948545,22.5746791,88.3949286,22.5744604,88.39489155,32
8629,1194004305,,primary,22.5861419,88.362768,22.5861574,88.3626656,22.586149650000003,88.3627168,52
8630,1194004306,Chittaranjan Avenue,primary,22.5862116,88.3627787,22.5861419,88.362768,22.58617675,88.36277335,54
8644,1195980712,Sarat Bose Road,secondary,22.5374965,88.3543543,22.5372878,88.3543363,22.537392150000002,88.3543453,62
8650,1195988410,Ashutosh Mukhejee Road,primary,22.5415533,88.3473223,22.5385009,88.3467588,22.5400271,88.34704055,38
8664,1196026378,Rash Behari Avenue,primary,22.519113,88.3629256,22.5189744,88.3619977,22.5190437,88.36246165,68
8736,1201233886,,residential,22.571103,88.368318,22.5716837,88.3682858,22.57139335,88.3683019,60
8745,1201622061,Vidyapati Flyover,primary,22.5651909,88.3684833,22.5653879,88.3685731,22.5652894,88.3685282,41
8762,1203854201,Shyama Prasad Mukherjee Road,primary,22.5222363,88.346557,22.523558,88.3464311,22.52289715,88.34649405,54
8767,1204086280,,residential,22.5012853,88.3475798,22.5000851,88.3483818,22.5006852,88.3479808,53
8768,1204124355,,residential,22.5109652,88.3426152,22.5109543,88.3428517,22.51095975,88.34273345,36
8772,1204351764,Dr Lal Mohan Battacharya Road,secondary,22.5589891,88.3726667,22.5605702,88.368148,22.559779650000003,88.37040735,48
8862,1222684563,,residential,22.5711649,88.3697807,22.5713959,88.3696281,22.5712804,88.3697044,70
8869,1225890697,,residential,22.5734123,88.398663,22.5730297,88.4006684,22.573221,88.3996657,15
8917,1236239130,,residential,22.5316,88.3825891,22.5314051,88.3827193,22.53150255,88.3826542,55
8940,1236886433,,residential,22.6043806,88.3901933,22.6038502,88.3900068,22.604115399999998,88.39010005,39
8941,1237191617,,residential,22.5107972,88.328568,22.5111991,88.3294022,22.51099815,88.32898510000001,34
8943,1237196954,,residential,22.5013001,88.3402399,22.5012648,88.340739,22.50128245,88.34048945,44
8967,1238270578,,residential,22.5072474,88.3439337,22.5070387,88.3439182,22.50714305,88.34392595,69
8978,1238494373,,residential,22.5446047,88.3864161,22.5443431,88.3873011,22.5444739,88.38685860000001,37
9026,1240077509,,residential,22.5057743,88.3247875,22.5058904,88.3241972,22.50583235,88.32449235,55
9050,1240700191,,residential,22.5899112,88.3921197,22.590122,88.3911236,22.5900166,88.39162164999999,39
9072,1251109564,Acharya Prafulla Chandra Road,primary,22.5709624,88.3712913,22.5708412,88.3712314,22.5709018,88.37126135,56
9101,1252338120,Jawaharlal Nehru Road,primary,22.5421752,88.3472931,22.5460253,88.3479411,22.54410025,88.34761710000001,21
9166,1287672759,,secondary,22.6001316,88.376441,22.6001316,88.376441,22.6001316,88.376441,33
9204,1301675943,,residential,22.5476727,88.3824344,22.5478081,88.3825105,22.547740400000002,88.38247245,46
9212,1307645610,,secondary,22.5756263,88.3772841,22.5756024,88.3773745,22.575614350000002,88.3773293,19
9281,1309010879,,residential,22.5371378,88.3786109,22.5367625,88.3789293,22.53695015,88.3787701,31
9345,1310421529,,residential,22.5993262,88.3610381,22.5997234,88.3612454,22.599524799999998,88.36114175,40
9354,1310779656,,residential,22.6113858,88.3781499,22.6113368,88.3786044,22.6113613,88.37837715,32
9380,1310792699,,residential,22.6259883,88.382726,22.6259934,88.3830273,22.62599085,88.38287665,32
9448,1323774472,Raja Subodh Chandra Mullick Road,primary,22.5043273,88.3672566,22.5042907,88.3672643,22.504309,88.36726045,71
9461,1327830121,,tertiary,22.5943541,88.3822011,22.5943203,88.3821183,22.5943372,88.3821597,47
9471,1337653120,,residential,22.5014659,88.3586167,22.5019912,88.3586149,22.50172855,88.3586158,64
9477,1342370345,Park Street,primary,22.5436396,88.3656542,22.543601,88.365711,22.5436203,88.3656826,63
9506,1353391764,,residential,22.5257389,88.3604298,22.5252788,88.3604589,22.52550885,88.36044435,45
9523,1369081536,,residential,22.552749,88.3898005,22.5526136,88.3894662,22.5526813,88.38963335,27
9539,1373604244,Lansdowne Road (Sarat Bose Road),secondary,22.5175834,88.3523839,22.5174634,88.3524077,22.5175234,88.35239580000001,48
9572,1385500631,,residential,22.5381269,88.3065489,22.5382072,88.3065665,22.53816705,88.3065577,13
9691,1422842606,,residential,22.526963,88.37504,22.5272246,88.3751409,22.5270938,88.37509045,55
9692,1422842607,,residential,22.526416,88.3750321,22.5265784,88.3750478,22.5264972,88.37503995,59
9703,1427717779,Raja Manindra Road,tertiary,22.6125544,88.3773607,22.6125876,88.3775101,22.612571000000003,88.3774354,32
9719,1433973957,Canal Circular Road,secondary,22.6008371,88.3789495,22.6000949,88.3839635,22.600465999999997,88.3814565,31
9731,1434300048,Jannagar Crematorium Street,tertiary,22.5441009,88.3650171,22.5455602,88.3656871,22.54483055,88.3653521,54
9804,1480586113,Chowringhee Road,secondary,22.5549812,88.350159,22.5540594,88.3499176,22.5545203,88.3500383,26
9821,1502433797,Kidderpore Road,secondary,22.547717,88.3359093,22.5469722,88.334627,22.5473446,88.33526814999999,9
9833,1506714643,Gariahat Road,primary,22.5343796,88.3646444,22.5353812,88.3648567,22.5348804,88.36475055,35
9839,1512456426,,residential,22.5734692,88.3983829,22.5735327,88.398474,22.573500950000003,88.39842845,26
9854,1517331586,Acharya Jagadish Chandra Bose Road,secondary,22.5414271,88.3441461,22.5414216,88.343995,22.54142435,88.34407055,21
9876,1530047253,,primary,22.5753449,88.3596101,22.5769268,88.3601055,22.57613585,88.3598578,52
